text,label
Generate an image of a sunset over the mountains.,generate image
Can you create a picture of a futuristic city?,generate image
Please make an image of a serene beach.,generate image
I would like to see an image of a bustling marketplace.,generate image
Create an image of a forest in autumn.,generate image
Generate an image of a majestic castle.,generate image
Can you draw a picture of a dragon?,generate image
Make an image of a space station orbiting a planet.,generate image
Please generate a picture of a snowy village.,generate image
Create an image of an underwater coral reef.,generate image
Let's chat about your favorite movies.,chat
Can we have a conversation about travel destinations?,chat
I want to talk about recent technological advancements.,chat
Let's discuss the best practices for healthy living.,chat
Can we chat about the latest trends in fashion?,chat
I'd like to have a discussion about space exploration.,chat
Let's talk about strategies for personal development.,chat
Can we have a conversation about cooking and recipes?,chat
I want to discuss the current events in politics.,chat
Let's chat about the latest sports news.,chat
